"SampleID","DNAmAge","Comment","noMissingPerSample","meanMethBySample","minMethBySample","maxMethBySample","corSampleVSgoldstandard","meanAbsDifferenceSampleVSgoldstandard","predictedGender","meanXchromosome"
"GSM1218373",82.0559837608145," Warning: meanMethBySample is <0.25",0,0.228252096867278,0,0.9892478,0.984345518800907,0.0416686883362644,"male",0.294547887341935
"GSM1218374",56.5893744268335," Warning: meanMethBySample is <0.25",0,0.239149067070666,0,0.9882096,0.98868333436117,0.0330112228771066,"male",0.311890770997235
"GSM1218375",58.7774131812283," Warning: meanMethBySample is <0.25",0,0.23354094681856,0,0.9868594,0.985685719939382,0.0400361799302706,"male",0.297962613447005
"GSM1218376",65.6550815445752," Warning: meanMethBySample is <0.25",0,0.235178005970049,0,0.9887289,0.985629102390214,0.0347350760593058,"male",0.301908436736406
"GSM1218377",70.9170350063714," Warning: meanMethBySample is <0.25",0,0.245963536406262,0,0.9872392,0.99033933100199,0.0286659967019933,"male",0.319883980487558
"GSM1218378",43.2090129542929," Warning: meanMethBySample is <0.25",0,0.243748357233246,0,0.9871372,0.990944360422846,0.0282006190560866,"female",0.437741300258065
"GSM1218379",62.0277056762669," Warning: meanMethBySample is <0.25",0,0.243692329851413,0,0.9860939,0.985011668527704,0.0343767212482156,"male",0.312591811931797
"GSM1218380",79.2350612568278," Warning: meanMethBySample is <0.25",0,0.244869485868448,0,0.9856249,0.988099565479029,0.0311964359059349,"male",0.315201797290323
"GSM1218381",48.8203423828681," Warning: meanMethBySample is <0.25",0,0.236008382044693,0,0.9902292,0.986956509569937,0.0350022885504394,"male",0.301215209019355
"GSM1218382",49.9865404033019," Warning: meanMethBySample is <0.25",0,0.238432740593832,0,0.9863788,0.990080712814527,0.0307031299762318,"female",0.419400620104147
"GSM1218383",75.6967840866488," Warning: meanMethBySample is <0.25",0,0.245944527749813,0,0.9885429,0.987637539655918,0.0319336722553086,"male",0.320926347943779
"GSM1218384",72.9358689454212," Warning: meanMethBySample is <0.25",0,0.243198888334285,0,0.9877234,0.988097493923284,0.0314335793473046,"female",0.440566357073733
"GSM1218385",75.9586792208234," Warning: meanMethBySample is <0.25",0,0.24999656883597,0,0.9883087,0.985597822146614,0.0341840486154408,"male",0.323876383456221
"GSM1218386",58.0261469027024," Warning: meanMethBySample is <0.25",0,0.245159419956851,0,0.9862807,0.98714339386271,0.0310778526230214,"female",0.442630561235023
"GSM1218387",67.393524954499," Warning: meanMethBySample is <0.25",0,0.24987677739255,0,0.9912338,0.990356331563045,0.0263083412744198,"male",0.319672611126267
"GSM1218388",63.3112286969442," Warning: meanMethBySample is <0.25",0,0.241572928383517,0,0.9880684,0.98601520213868,0.0356980065312081,"male",0.311129252380645
"GSM1218389",65.5065911137083,"",0,0.251898375089854,0,0.9885892,0.990511812568201,0.02676329215097,"male",0.323175939078341
"GSM1218390",61.7364688897388," Warning: meanMethBySample is <0.25",0,0.247116415579745,0,0.9865491,0.982392343522354,0.0358760815412833,"male",0.317148925898618
"GSM1218391",71.1060524218607," Warning: meanMethBySample is <0.25",0,0.248821168850992,0,0.9886205,0.987651197479076,0.0296524697220888,"male",0.319681770728111
"GSM1218392",74.460145461237,"",0,0.254766994419506,0,0.9877086,0.988057383585704,0.0303442270042733,"female",0.477137472046083
"GSM1218393",49.150738830406," Warning: meanMethBySample is <0.25",0,0.24443966040921,0,0.9889074,0.986002734692104,0.0319293271799619,"female",0.468913461640553
"GSM1218394",68.972595527142," Warning: meanMethBySample is <0.25",0,0.242343075872707,0,0.991784,0.959679477700266,0.0625151624110402,"female",0.416111002645161
"GSM1218395",58.8181834932022,"",0,0.250310522199083,0,0.9893575,0.98784857729228,0.0302942520512475,"male",0.319146862023963
"GSM1218396",61.988386220465," Warning: meanMethBySample is <0.25",0,0.243611363288282,0,0.9908427,0.989610326409874,0.0295133242561128,"male",0.312580728312442
"GSM1218397",54.7882049306531,"",0,0.251310386049747,0,0.9868923,0.986088458038538,0.0309193231174633,"female",0.460819516884793
"GSM1218398",71.1853755868843,"",0,0.256741094155747,0,0.989041,0.988439518479297,0.0291229972634025,"male",0.331774324709677
"GSM1218399",75.548774053113,"",0,0.268453763758658,0,0.9887009,0.985699804796396,0.0352411193216607,"male",0.348010429557604
"GSM1218400",74.4862627783535,"",0,0.253493854339573,0,0.9905466,0.992569626705454,0.0245402360757018,"male",0.325295380866359
"GSM1218401",60.1855517629007," Warning: meanMethBySample is <0.25",0,0.249078754037767,0,0.9901251,0.991054543876461,0.0264040936580197,"male",0.320534097579724
"GSM1218402",73.9783028896333,"",0,0.259568370222529,0,0.9894664,0.986391717875575,0.0325270605342867,"female",0.474860864018433
"GSM1218403",89.7706687763687,"",0,0.253065646652471,0,0.9898527,0.982407089901485,0.0348085903171105,"male",0.326392309386175
"GSM1218404",67.9506334277964," Warning: meanMethBySample is <0.25",0,0.237921340233948,0,0.9894089,0.986424224435324,0.0358477500357875,"male",0.304666328976959
"GSM1218405",65.7372373761823," Warning: meanMethBySample is <0.25",0,0.246020876272463,0,0.9859148,0.983060940653277,0.0385830763908107,"male",0.316666000258065
"GSM1218406",61.2293011723753," Warning: meanMethBySample is <0.25",0,0.236765289787767,0,0.9898664,0.980964586174676,0.0432597683780534,"male",0.301198633192627
"GSM1218407",62.3457127730663," Warning: meanMethBySample is <0.25",0,0.243993976509687,0,0.9870627,0.987669433048917,0.0312083990695856,"female",0.442306893290323
"GSM1218408",71.5206817648969," Warning: meanMethBySample is <0.25",0,0.234930216584893,0,0.9869061,0.927633291169086,0.0864971305096763,"male",0.29140396919447
"GSM1218409",66.0190528141678," Warning: meanMethBySample is <0.25",0,0.247264549255756,0,0.9884134,0.990057191763358,0.0289090170140149,"male",0.319686602466359
"GSM1218410",69.7195097314485," Warning: meanMethBySample is <0.25",0,0.239371333971172,0,0.9893683,0.988985954981938,0.0310914713966481,"male",0.307609232276498
"GSM1218411",49.7629735959647," Warning: meanMethBySample is <0.25",0,0.230855085240687,0,0.9887107,0.98731655778041,0.0381165336154771,"male",0.293944115202765
"GSM1218412",61.6968293899661,"",0,0.255276093159725,0,0.9894162,0.986955767476372,0.0310213035930298,"female",0.477125543087558
"GSM1218413",56.4075841966335," Warning: meanMethBySample is <0.25",0,0.249022778887495,0,0.9901921,0.986795605847947,0.0314353873721162,"male",0.317058968874654
"GSM1218414",57.8057560497327," Warning: meanMethBySample is <0.25",0,0.243463610151582,0,0.9895455,0.990612080403279,0.0278162073704295,"male",0.313997772499539
"GSM1218415",65.9662851605142," Warning: meanMethBySample is <0.25",0,0.239024957831056,0,0.9896801,0.961317505621197,0.0590879605849008,"male",0.299600076256221
"GSM1218416",77.1280600092049,"",0,0.251807856263759,0,0.987792,0.989134186718743,0.02964196050701,"male",0.326097003495853
"GSM1218417",62.7661620892589," Warning: meanMethBySample is <0.25",0,0.249460781551947,0,0.9887725,0.987547247256277,0.0312298593603616,"male",0.318608545163134
"GSM1218418",65.2851544093948,"",0,0.251162282010296,0,0.9902685,0.990275796850826,0.0265900032970147,"male",0.320869005192627
"GSM1218419",63.5834889336646," Warning: meanMethBySample is <0.25",0,0.243739760413656,0,0.9895657,0.986911427147639,0.0304659715804826,"female",0.446869887551152
"GSM1218420",63.1313846161919," Warning: meanMethBySample is <0.25",0,0.231235133504212,0,0.9915095,0.971704463706237,0.0533745610827196,"male",0.294833157796313
"GSM1218421",51.7405075900937,"",0,0.250496822930925,0,0.9867831,0.989538888703575,0.0258254337586828,"male",0.321135546352995
"GSM1218422",72.9914997547702,"",0,0.253081768613207,0,0.9872417,0.989859394351174,0.0269061891433906,"male",0.328343320728111
"GSM1218423",66.6208483718192," Warning: meanMethBySample is <0.25",0,0.226620200337327,0,0.9872976,0.980127204093285,0.0472393148143522,"male",0.289477164971429
"GSM1218424",82.3935904623605," Warning: meanMethBySample is <0.25",0,0.239640165436587,0,0.9896644,0.983037678253616,0.0363051517258182,"female",0.459454717285714
"GSM1218425",68.7698707161395,"",0,0.250379579599448,0,0.9906204,0.989185081552922,0.0309175565223399,"male",0.325400129148387
"GSM1218426",63.6286912235027," Warning: meanMethBySample is <0.25",0,0.248860427058545,0,0.9881959,0.989039173832394,0.0321875976571861,"male",0.323207093034101
"GSM1218427",71.4200351708673,"",0,0.25172341507193,0,0.9818553,0.987386472406986,0.0310454466309266,"male",0.318923366101382
"GSM1218428",59.4192607901428," Warning: meanMethBySample is <0.25",0,0.239499036649757,0,0.9898599,0.990629902098291,0.0298689260306458,"male",0.309531506256221
"GSM1218429",62.4456989376382," Warning: meanMethBySample is <0.25",0,0.24763135516155,0,0.990488,0.9906115464282,0.0270561256871253,"female",0.472047901253456
"GSM1218430",76.9980318437279," Warning: meanMethBySample is <0.25",0,0.246153292094955,0,0.9889497,0.987121599352599,0.0311374799675888,"female",0.451589586073733
"GSM1218431",79.6724862931573,"",0,0.256161971572772,0,0.9885919,0.985592357989811,0.0328792527214986,"female",0.478930762930876
"GSM1218432",70.930816320779,"",0,0.257330229201469,0,0.9902821,0.985951584270919,0.0327928400253676,"male",0.329488892721659
"GSM1218433",64.7455595466842,"",0,0.254426323087046,0,0.988047,0.985429535869896,0.0321094693577697,"male",0.326650533004608
"GSM1218434",45.7258785169135," Warning: meanMethBySample is <0.25",0,0.234449422112224,0,0.9860447,0.986001816738645,0.0377103635452747,"male",0.298354183756682
"GSM1218435",69.7989624493437," Warning: meanMethBySample is <0.25",0,0.241939196856327,0,0.982304,0.988018710729267,0.0315911668208403,"male",0.312805719308756
"GSM1218436",70.8219702898276," Warning: meanMethBySample is <0.25",0,0.246354914135811,0,0.9870623,0.989388693787431,0.0295666749631427,"male",0.322481508537327
"GSM1218437",68.5080976721206," Warning: meanMethBySample is <0.25",0,0.240723771202593,0,0.9852519,0.985834051708135,0.0366515813197943,"male",0.3066697400553
"GSM1218438",53.6671282097227,"",0,0.250706449375374,0,0.9852133,0.992058352188245,0.0234632398907022,"male",0.323525925013825
"GSM1218439",70.2815574871473," Warning: meanMethBySample is <0.25",0,0.248316818077686,0,0.98191,0.988871919408588,0.0287944247767901,"male",0.319349190506912
"GSM1218440",66.2911654054626," Warning: meanMethBySample is <0.25",0,0.246597072995601,0,0.9838205,0.990055218761162,0.0260867209867189,"male",0.320163849907834
"GSM1218441",72.7341744491699," Warning: meanMethBySample is <0.25",0,0.245868503412486,0,0.9838883,0.976834547904085,0.0494629090156965,"male",0.313787728552995
"GSM1218442",71.438667902072," Warning: meanMethBySample is <0.25",0,0.24480459093757,0,0.9868695,0.990225657399149,0.0265136987576549,"female",0.459969559419355
"GSM1218443",71.7981110850318,"",0,0.252073696921799,0,0.9870921,0.984838038850003,0.0361512053041404,"female",0.441065754746544
"GSM1218444",89.1340191628926," Warning: meanMethBySample is <0.25",0,0.24237884974897,0,0.9898447,0.98462697520238,0.0338596793962096,"male",0.314404998239631
"GSM1218445",70.9236590748504," Warning: meanMethBySample is <0.25",0,0.244457146189161,0,0.9898337,0.986558099112896,0.0339746709987127,"male",0.314926856776037
"GSM1218446",68.973773130326," Warning: meanMethBySample is <0.25",0,0.242604471169365,0,0.9893563,0.989930973327197,0.0289080190425423,"female",0.452326709013825
"GSM1218447",60.7161680439761,"",0,0.251256439815612,0,0.9881181,0.986130125909181,0.0339718414936995,"male",0.327175439739171
"GSM1218448",77.8291267037212," Warning: meanMethBySample is <0.25",0,0.240178080235446,0,0.9865509,0.985492595423386,0.0353520680744678,"male",0.310876725552995
"GSM1218449",73.1146906777245,"",0,0.25025818921228,0,0.9912524,0.989290997358186,0.0275066762963131,"male",0.322630807152074
"GSM1218450",77.4014860105974,"",0,0.251703638676385,0,0.9861175,0.976969694439483,0.0445057851673114,"female",0.454883737677419
"GSM1218451",67.73860621491,"",0,0.261451429570386,0,0.9863911,0.988804385739982,0.0289819893415495,"male",0.335493462709677
"GSM1218452",79.1523833993879,"",0,0.254133604807376,0,0.9846969,0.990730263828679,0.024708273121612,"male",0.325427509797235
"GSM1218453",78.118092481164," Warning: meanMethBySample is <0.25",0,0.245551010141848,0,0.988246,0.982005472843684,0.0349137040318351,"male",0.315220736556682
"GSM1218454",70.1104893864017," Warning: meanMethBySample is <0.25",0,0.246095855268018,0,0.9865265,0.99109819582977,0.0278673547931169,"male",0.314261906387097
"GSM1218455",75.7544636450904," Warning: meanMethBySample is <0.25",0,0.240764097364236,0,0.9893598,0.940328641092715,0.0779529680024797,"female",0.407134343953917
"GSM1218456",77.7218135782321,"",0,0.25645544685979,0,0.9736816,0.981415942424924,0.0401514678643238,"female",0.452427244571429
"GSM1218457",52.8948557014705,"",0,0.253140098789826,0,0.9850788,0.991058005277221,0.0252630346237754,"male",0.327752103852535
"GSM1218458",66.5669785271361,"",0,0.257308693451423,0,0.979238,0.988629811266273,0.0337168214917799,"male",0.327806944608295
"GSM1218459",70.2548181855039," Warning: meanMethBySample is <0.25",0,0.249262524185137,0,0.9857505,0.988758203145728,0.0319035997697855,"male",0.316278272958525
"GSM1218460",81.1633538864731,"",0,0.252038800429568,0,0.9847136,0.988535068801385,0.0281121434297472,"male",0.324253607843318
"GSM1218461",74.5819457835488,"",0,0.25250586043991,0,0.9698516,0.986071554050832,0.0399306937487462,"male",0.321050843603687
"GSM1218462",65.0216675325735,"",0,0.252285354125374,0,0.9872175,0.983120750865246,0.0355719507244519,"male",0.319852595956682
"GSM1218463",73.1549445263872," Warning: meanMethBySample is <0.25",0,0.249353737706383,0,0.9772949,0.989565391449458,0.0313756124755716,"male",0.318030259179723
"GSM1218464",60.9955050998126," Warning: meanMethBySample is <0.25",0,0.22424802463815,0,0.989479,0.952396555325818,0.0694167432821195,"male",0.377012664273733
"GSM1218465",59.5636138072295,"",0,0.253774199964526,0,0.9889044,0.990492931030799,0.0278678492167799,"male",0.326501186046083
"GSM1218466",76.5333582149744," Warning: meanMethBySample is <0.25",0,0.242377123675356,0,0.9870642,0.987121696532668,0.0345592368504476,"male",0.311485716073733
"GSM1218467",57.0581527253433," Warning: meanMethBySample is <0.25",0,0.24930936162617,0,0.9841743,0.988904488256562,0.0303067030502875,"male",0.32127937659447
"GSM1218468",66.6669083725513," Warning: meanMethBySample is <0.25",0,0.239573511526582,0,0.9892419,0.953222356975919,0.0665577264339398,"male",0.305898261294009
"GSM1218469",70.5200302248172," Warning: meanMethBySample is <0.25",0,0.232294120486615,0,0.9882526,0.975531652396896,0.0469288177299346,"male",0.299890303628571
"GSM1218470",73.1138891791386," Warning: meanMethBySample is <0.25",0,0.248054869464386,0,0.9929847,0.85154213075336,0.110717296262911,"female",0.435867748001843
"GSM1218471",59.4610324961137," Warning: meanMethBySample is <0.25",0,0.233554223715041,0,0.9909253,0.97784615922629,0.0470591467995744,"male",0.298867218546544
"GSM1218472",62.8549404990818," Warning: meanMethBySample is <0.25",0,0.239143039283976,0,0.9910165,0.929262143513542,0.0822276552037672,"male",0.300463349081106
"GSM1218473",54.0966629972886," Warning: meanMethBySample is <0.25",0,0.233731373142035,0,0.9825978,0.975853156742026,0.0449668096169379,"male",0.298254469109677
"GSM1218474",76.6460527448491," Warning: meanMethBySample is <0.25",0,0.232917365277611,0,0.9864855,0.982099673572259,0.040492320351074,"male",0.305312676266359
"GSM1218475",73.4235679635325," Warning: meanMethBySample is <0.25",0,0.241539593219393,0,0.9808974,0.981104788311086,0.0372562460092858,"male",0.315178940534562
"GSM1218476",69.6258999556873," Warning: meanMethBySample is <0.25",0,0.239112128527892,0,0.9858364,0.986172003019996,0.0350960001371571,"male",0.309104400113364
"GSM1218477",70.2887066466156," Warning: meanMethBySample is <0.25",0,0.247258621936119,0,0.9866711,0.989973469664107,0.0284781331085642,"male",0.315087072516129
"GSM1218478",52.8480466561404,"",0,0.250294564519796,0,0.9819626,0.987876637294309,0.0313661741602672,"male",0.320066894267281
"GSM1218479",68.1320392373311," Warning: meanMethBySample is <0.25",0,0.243508056592709,0,0.9848899,0.989070596611898,0.031720578142413,"male",0.310691605391705
"GSM1218480",62.7142805393873," Warning: meanMethBySample is <0.25",0,0.243904603775646,0,0.9891917,0.990127940045306,0.0283690263229742,"male",0.312798831307834
"GSM1218481",69.490581282219,"",0,0.250342989245788,0,0.9852971,0.989304965451046,0.0297721659993396,"male",0.32477609118894
"GSM1218482",59.3912995027765," Warning: meanMethBySample is <0.25",0,0.246619466168757,0,0.9870308,0.989262657219154,0.029422322245213,"male",0.31322626803318
"GSM1218483",51.6930449545502," Warning: meanMethBySample is <0.25",0,0.24527740936316,0,0.9855264,0.990353122061991,0.0282970290382306,"male",0.311256466945622
"GSM1218484",61.7456823405768," Warning: meanMethBySample is <0.25",0,0.237314186418149,0,0.9868046,0.988045520528721,0.033198886772401,"male",0.307489006735484
"GSM1218485",62.4360005932804," Warning: meanMethBySample is <0.25",0,0.246103278407385,0,0.9787349,0.980736313106852,0.0421309840108458,"male",0.309124130645161
"GSM1218486",65.4369430329651," Warning: meanMethBySample is <0.25",0,0.242348027111148,0,0.9866077,0.98880850627246,0.0318372922024824,"male",0.308625775303226
"GSM1218487",66.8354286657787," Warning: meanMethBySample is <0.25",0,0.242076987347014,0,0.9903144,0.988544157444622,0.0311126510054694,"male",0.309348675996313
"GSM1218488",60.7079170808984," Warning: meanMethBySample is <0.25",0,0.246943958218832,0,0.9872788,0.990559674566013,0.0272956914388579,"male",0.315724344179724
"GSM1218489",40.4779265647338,"",0,0.252212614668663,0,0.9830877,0.992338292187592,0.0257681998241637,"female",0.44298583716129
"GSM1218490",82.5052851534154,"",0,0.253720579100992,0,0.9723589,0.983865377693546,0.0433982122443848,"male",0.322814471364055
"GSM1218491",47.9832219907899," Warning: meanMethBySample is <0.25",0,0.249403287106982,0,0.9864085,0.989261232838603,0.0294412080929499,"male",0.317722023723502
"GSM1218492",53.1842869468649,"",0,0.252426252343691,0,0.9767975,0.98594706552206,0.0373737543007225,"male",0.321139853050691
"GSM1218493",55.195984844956," Warning: meanMethBySample is <0.25",0,0.248927901894281,0,0.9871843,0.984466700063438,0.0300509620206723,"female",0.437604484451613
"GSM1218494",55.9455447144701,"",0,0.251166107895826,0,0.9901805,0.990240032974014,0.0272352644960099,"female",0.472395873843318
"GSM1218495",57.6699833058159,"",0,0.252925144486054,0,0.9825423,0.991126317913385,0.0253183092536447,"male",0.32483737802765
"GSM1218496",59.9867185268678," Warning: meanMethBySample is <0.25",0,0.238011305032291,0,0.9907321,0.989899106082996,0.0330554190176014,"female",0.441384444328111
"GSM1218497",69.7924964390162," Warning: meanMethBySample is <0.25",0,0.239266222187336,0,0.9863566,0.988579210848173,0.0318555611759603,"female",0.437722984196313
"GSM1218498",63.9596360600777," Warning: meanMethBySample is <0.25",0,0.245849136843692,0,0.9931811,0.931525327602401,0.0811601380599285,"female",0.444197666225806
"GSM1218499",79.8552483049628," Warning: meanMethBySample is <0.25",0,0.243211417840182,0,0.9910175,0.985388740848754,0.0351644502133812,"male",0.311803954443318
"GSM1218500",66.7753102520805," Warning: meanMethBySample is <0.25",0,0.247888880976975,0,0.9890583,0.986763803572126,0.0310983179839411,"male",0.315220179953917
"GSM1218501",52.4107790506206," Warning: meanMethBySample is <0.25",0,0.243483573189957,0,0.9869562,0.970366947860994,0.0477807841415619,"female",0.457834823364055
"GSM1218502",70.526121968104," Warning: meanMethBySample is <0.25",0,0.241433422783087,0,0.9885468,0.980960587497879,0.0410428693884319,"male",0.310205854868203
"GSM1218503",55.2865384390369," Warning: meanMethBySample is <0.25",0,0.246622420745975,0,0.9875,0.968975512380192,0.0546496987765009,"female",0.424686903354839
"GSM1218504",58.1141018646083," Warning: meanMethBySample is <0.25",0,0.24235612758948,0,0.9873411,0.986825791206236,0.0322035958591095,"female",0.430937714539171
"GSM1218505",69.3020959206838," Warning: meanMethBySample is <0.25",0,0.24887877634678,0,0.9875066,0.990577317481452,0.0266166262735033,"male",0.320683932536406
"GSM1218506",61.8408482183099,"",0,0.265694803445807,0,0.9642779,0.990184249568281,0.0504213705266653,"female",0.446286188184332
"GSM1218507",76.9476349883842,"",0,0.280910751833115,0,0.9617694,0.983697505889572,0.0599892739246903,"male",0.34651812678341
"GSM1218508",49.4112794679538,"",0,0.26600496625,0,0.9668051,0.991070786179879,0.0363269873166876,"female",0.474664935576037
"GSM1218509",64.1941362715345,"",0,0.272050404089292,0,0.9530377,0.990303640624358,0.051458955478098,"female",0.448462817658986
"GSM1218510",58.1032627288207,"",0,0.256149562524335,0,0.9833435,0.987983697944358,0.0300558550581598,"male",0.328448031511521
"GSM1218511",62.4482986275646,"",0,0.275579759327499,0,0.9640583,0.956925402350273,0.0879836536137754,"female",0.439494691493088
"GSM1218512",63.5037173059661,"",0,0.269309217815425,0,0.9573544,0.98802658116614,0.0530409900932003,"male",0.339038243686636
"GSM1218513",55.7525877665024,"",0,0.271341897242138,0,0.9580023,0.988643867740602,0.0528679526428119,"female",0.445964224082949
"GSM1218514",50.6097849918721,"",0,0.266962741165762,0,0.9629379,0.991804939075149,0.035324470068562,"female",0.454538968912442
"GSM1218515",53.754959219765,"",0,0.272950587936166,0,0.9644372,0.985628607429082,0.0548091079576905,"male",0.343546287336406
"GSM1218516",57.9430696553199,"",0,0.266433600704324,0,0.9700985,0.984285183954052,0.0478868062722274,"male",0.336241752737327
"GSM1218517",65.520895509499," Warning: meanMethBySample is <0.25",0,0.248144200040621,0,0.9898936,0.987548948466075,0.0307405795268186,"female",0.441707970875576
"GSM1218518",65.6057613801287,"",0,0.253846665847435,0,0.9839587,0.98740176439938,0.030923823360429,"male",0.327698061843318
"GSM1218519",58.0600146158641," Warning: meanMethBySample is <0.25",0,0.249738473309996,0,0.9867321,0.989700630807985,0.029590403714214,"female",0.448745064654378
"GSM1218520",58.4469675533057,"",0,0.251598942457226,0,0.9860921,0.987497977230494,0.03341713700546,"female",0.440328467870968
"GSM1218521",68.2827476909477,"",0,0.250663982888525,0,0.9818696,0.989384954458424,0.0302855754197602,"male",0.321059638875576
"GSM1218522",54.0420602742666," Warning: meanMethBySample is <0.25",0,0.24857650278435,0,0.9841473,0.988115034448299,0.0302333382966209,"female",0.450074357050691
"GSM1218523",58.884402424888,"",0,0.250156979318607,0,0.9841535,0.988288515383219,0.0328516640158036,"male",0.32100140762212
"GSM1218524",72.8758373690556,"",0,0.254091171048577,0,0.9822338,0.986080223211996,0.0330968096026533,"male",0.330220000949309
"GSM1218525",67.2109227771143,"",0,0.253637198544927,0,0.9841344,0.986336585694915,0.0337561750364307,"female",0.450145467643318
"GSM1218526",57.2560528144886," Warning: meanMethBySample is <0.25",0,0.247577644660988,0,0.9866162,0.988138757206725,0.0311914417752035,"female",0.443761166974194
"GSM1218527",57.3807430015166," Warning: meanMethBySample is <0.25",0,0.240877075190191,0,0.9903894,0.984718188007731,0.0369098332128954,"male",0.305844122047926
"GSM1218528",61.1747856899337," Warning: meanMethBySample is <0.25",0,0.244970584673718,0,0.9885737,0.989244848603866,0.0316831608947959,"male",0.320748764814747
"GSM1218529",65.5249063492625," Warning: meanMethBySample is <0.25",0,0.246176530544553,0,0.9890379,0.988519485831566,0.0299667959985074,"male",0.322541392801843
"GSM1218530",76.5355153595775," Warning: meanMethBySample is <0.25",0,0.242103511339807,0,0.9875438,0.985753179780241,0.0336531019339796,"male",0.321104573345622
"GSM1218531",74.6263855024294," Warning: meanMethBySample is <0.25",0,0.238884631039545,0,0.9913609,0.970493586969072,0.0540936397977437,"male",0.301992456492166
"GSM1218532",55.1586285399815," Warning: meanMethBySample is <0.25",0,0.246150997727817,0,0.986991,0.988687252358444,0.0306774324015555,"male",0.314111341539171
"GSM1218533",62.3457111039485," Warning: meanMethBySample is <0.25",0,0.242754442086765,0,0.988807,0.980188687286851,0.0433257633832293,"male",0.310082943456221
"GSM1218534",75.4594598559505,"",0,0.250610059941174,0,0.9878194,0.988740766093682,0.0299111693703381,"male",0.317971660129032
"GSM1218535",67.0906168932232," Warning: meanMethBySample is <0.25",0,0.244012531483433,0,0.9896091,0.981721470560014,0.0405745690743461,"male",0.313261194801843
"GSM1218536",68.4612765921926," Warning: meanMethBySample is <0.25",0,0.242427728172688,0,0.9933885,0.957586592559804,0.063049849736356,"male",0.309107478032258
"GSM1218537",56.2515552195516," Warning: meanMethBySample is <0.25",0,0.240681662994384,0.004345675,0.9904125,0.98690705001575,0.0331340886661369,"male",0.312500022670968
"GSM1218538",63.808217363863," Warning: meanMethBySample is <0.25",0,0.248053602851928,0,0.9854459,0.98831209524486,0.0302672583782493,"male",0.319461352368664
"GSM1218539",66.9711365691955," Warning: meanMethBySample is <0.25",0,0.242575705452499,0,0.9875488,0.986782399046417,0.0324127025069514,"male",0.312198608269124
"GSM1218540",70.1841807524539,"",0,0.256508849620133,0,0.9787318,0.989942496161059,0.0281838383659935,"male",0.327465764497696
"GSM1218541",71.0018067285789," WARNING: Some beta values were missing, see noMissingPerSample.",3,0.260107796886777,0.008018486,0.9859462,0.989691292236585,0.0281314330408907,"male",0.340139904230415
"GSM1218542",42.5610874888874," Warning: meanMethBySample is <0.25",0,0.249604728309856,0,0.9841748,0.990874612483349,0.0260898671480963,"male",0.321912266910599
"GSM1218543",42.0056462073114," Warning: meanMethBySample is <0.25",0,0.249427594809762,0,0.9904758,0.904099523835148,0.0972851512632691,"female",0.410214104543779
"GSM1218544",57.7612083210265," Warning: meanMethBySample is <0.25",0,0.249141073495788,0,0.98722,0.987776154939014,0.0298394373916524,"female",0.451277039290323
"GSM1218545",59.5565626077923,"",0,0.251060710363534,0,0.9830526,0.990871118179915,0.0264766559467321,"male",0.325311309419355
"GSM1218546",41.92565360507," Warning: meanMethBySample is <0.25",0,0.249054562773072,0,0.9841812,0.989763595410411,0.0309734556510032,"female",0.442576057198157
"GSM1218547",68.7087095275535," Warning: meanMethBySample is <0.25",0,0.244463208942578,0,0.9835037,0.983435648656039,0.0395088823177583,"male",0.31607397644977
"GSM1218548",63.7429212690483,"",0,0.255747907466258,0,0.9822831,0.990620251849005,0.0279631511313647,"male",0.329322889493088
"GSM1218549",70.1581889160177,"",0,0.252587761999953,0,0.9843484,0.989574458066024,0.029104436572543,"male",0.324822821705069
"GSM1218550",81.1031376840342,"",0,0.252884796027986,0,0.9916846,0.949202538128583,0.0699051394336309,"male",0.316631844912442
"GSM1218551",76.8892585916861,"",0,0.257483006788703,0,0.9843516,0.985017655833054,0.0318388976066222,"male",0.33063277721659
"GSM1218552",75.8791141361499,"",0,0.250870262091539,0,0.9878049,0.982011998727426,0.0409085056563568,"female",0.462350332682028
"GSM1218553",67.0360540159579,"",0,0.250084857433405,0,0.9848933,0.989159273820408,0.0315359428719824,"male",0.321297058136406
"GSM1218554",64.1931964368552," Warning: meanMethBySample is <0.25",0,0.245478038992372,0,0.9857132,0.981041829394866,0.0431218568241587,"male",0.312623621059908
"GSM1218555",66.6545589915848,"",0,0.253916487633985,0,0.9859039,0.989337410510316,0.0289223515697782,"male",0.327667136298617
"GSM1218556",75.3909381185194,"",0,0.252966138282572,0,0.9848014,0.984821078150694,0.0343745892739844,"male",0.322420477345622
"GSM1218557",71.7833472511395,"",0,0.250496519700159,0,0.9752883,0.987635249409163,0.0348668923983847,"male",0.318495938442396
"GSM1218558",38.2937709398581," Warning: meanMethBySample is <0.25",0,0.249372704968364,0,0.9885862,0.989885310193485,0.0297319146274606,"female",0.441678212484793
"GSM1218559",72.8975162092196,"",0,0.257484674744478,0,0.976343,0.98978350290181,0.0283989861060401,"male",0.331651454617511
"GSM1218560",69.1855503435934,"",0,0.26486566017222,0,0.972787,0.990862248121097,0.0279414172647161,"male",0.337881673935484
"GSM1218561",63.4594201191018,"",0,0.25489676240687,0,0.9744542,0.982915228949943,0.0320347102725471,"female",0.460957898986175
"GSM1218562",40.794143963322,"",0,0.265525190940191,0,0.9787496,0.992038154570698,0.0266365413574118,"female",0.478889486967742
"GSM1218563",73.6598597114607," Warning: meanMethBySample is <0.25",0,0.247245584900833,0,0.9852431,0.99054716167053,0.0270974816905404,"female",0.440745568147465
"GSM1218564",74.937139078188," Warning: meanMethBySample is <0.25",0,0.249446610047829,0,0.9848064,0.989843092763418,0.0280281583573872,"male",0.324940435032258
"GSM1218565",60.20920817097,"",0,0.252359760891426,0,0.9894799,0.990633913147847,0.0250502126393077,"male",0.326840755889401
"GSM1218566",81.9935113523169," Warning: meanMethBySample is <0.25",0,0.239483970630569,0,0.9877316,0.987272484700126,0.0350043845403064,"male",0.304194168159447
"GSM1218567",65.4470194945498," Warning: meanMethBySample is <0.25",0,0.248023753591492,0,0.9851356,0.982894038992259,0.0374002627719736,"female",0.464021103557604
"GSM1218568",68.4269046865209," Warning: meanMethBySample is <0.25",0,0.245750762674513,0,0.9893875,0.98290621132848,0.0379634259743091,"male",0.313806873185253
"GSM1218569",85.7193466911049," Warning: meanMethBySample is <0.25",0,0.243168591027097,0,0.9855339,0.984353342936499,0.0357245522215116,"male",0.317546005732719
"GSM1218570",47.9647535420187," Warning: meanMethBySample is <0.25",0,0.236983382950393,0,0.9916565,0.974928939780302,0.0469652755565179,"female",0.411038219385253
"GSM1218571",72.09403417203," Warning: meanMethBySample is <0.25",0,0.245903053569356,0,0.9860316,0.989952832099084,0.0298477318193672,"male",0.318696192858064
"GSM1218572",84.4131663445312," Warning: meanMethBySample is <0.25",0,0.239711600076282,0,0.9892863,0.983769035512951,0.0364055667483165,"male",0.306984672774194
"GSM1218573",56.7512571963744," Warning: meanMethBySample is <0.25",0,0.244777800206524,0,0.9879265,0.987793210475126,0.0325553650318291,"male",0.312976761152074
"GSM1218574",67.3975044202971," Warning: meanMethBySample is <0.25",0,0.243786075962186,0,0.9882923,0.986842864405309,0.0342353779675232,"male",0.311788124030415
"GSM1218575",65.9464968790332," Warning: meanMethBySample is <0.25",0,0.240328723786082,0,0.9886933,0.983839679034664,0.0363267565141347,"male",0.308134692195392
"GSM1218576",76.0740096512615," Warning: meanMethBySample is <0.25",0,0.239262295243214,0,0.9900607,0.986307262642606,0.036464846621493,"male",0.304096914486636
"GSM1218577",59.4970927898355," Warning: meanMethBySample is <0.25",0,0.247873023159584,0,0.991204,0.980983654141432,0.0390638126383215,"female",0.463162954728111
"GSM1218578",40.6834739270542,"",0,0.25336072541754,0,0.9905912,0.990579221798176,0.0261052719735477,"female",0.451633186645161
"GSM1218579",60.2053953833141," Warning: meanMethBySample is <0.25",0,0.242715761394375,0.004659765,0.9928058,0.982618856329767,0.0380229670140823,"male",0.309317799739171
"GSM1218580",75.9805735819866," Warning: meanMethBySample is <0.25",0,0.246989106882067,0,0.9887232,0.988951828014144,0.0296732484512345,"male",0.318265097880184
"GSM1218581",46.3394313840372,"",0,0.251151688649055,0.0039989,0.9932365,0.928247465468696,0.0757250517064446,"female",0.417959800476498
"GSM1218582",31.8382667410341,"",0,0.251170377108995,0,0.9877318,0.990546183206726,0.0268713289780048,"female",0.458208981596313
"GSM1218583",59.7035887317272," Warning: meanMethBySample is <0.25",0,0.247646107409772,0,0.9888896,0.986792714495165,0.0333675431822686,"male",0.315664730969585
"GSM1218584",51.5147802077224," Warning: meanMethBySample is <0.25",0,0.248477338736335,0,0.989949,0.970931755772587,0.0494356646365081,"female",0.448003774396313
"GSM1218585",55.2410069420593," Warning: meanMethBySample is <0.25",0,0.239225571575768,0,0.9909354,0.977477371812239,0.0427167996279141,"female",0.445632598501382
"GSM1218586",98.7609759991094,"",0,0.250780707716539,0,0.9840209,0.972662219876885,0.0443284511430669,"female",0.472378445080184
"GSM1218587",59.6158212240707,"",0,0.250191609147276,0,0.9856185,0.989137364595425,0.0303696084599113,"male",0.321252883843318
"GSM1218588",65.3913939183576," Warning: meanMethBySample is <0.25",0,0.246266866415247,0,0.9862399,0.985643330539049,0.0347698093901715,"male",0.31370434718894
"GSM1218589",67.537857354163,"",0,0.250771135726086,0,0.9895796,0.989239597566303,0.0294694388811332,"female",0.445649887354839
"GSM1218590",63.186021359809," Warning: meanMethBySample is <0.25",0,0.24668467757193,0,0.9877167,0.988693045973008,0.0316122192434963,"male",0.315395041096774
"GSM1218591",55.8862323833703,"",0,0.25385290760497,0,0.9824207,0.989487096137964,0.0292001899733838,"male",0.325504622820276
"GSM1218592",58.9639360050263,"",0,0.257821515685932,0,0.9848844,0.988473303885845,0.0305910154669696,"male",0.32970961237788
"GSM1218593",54.3304493911732,"",0,0.253347457118729,0,0.9840541,0.989575728397834,0.0288805850354531,"female",0.447145996456221
"GSM1218594",73.1113308651216," Warning: meanMethBySample is <0.25",0,0.239810019553912,0,0.9888113,0.979475581794638,0.0412709425241077,"male",0.308462725538249
"GSM1218595",64.4900412597028," Warning: meanMethBySample is <0.25",0,0.244696258076142,0,0.9842164,0.985753616108616,0.0331851659385197,"female",0.450124343520737
"GSM1218596",65.8155774943408," Warning: meanMethBySample is <0.25",0,0.24143539757544,0,0.9865117,0.984583573066853,0.0384835918229295,"male",0.316935849408295
"GSM1218597",58.9242419313406," Warning: meanMethBySample is <0.25",0,0.235005347391286,0,0.9898024,0.987982013312047,0.0351795633991945,"male",0.300389018580645
"GSM1218598",82.2608512433353," Warning: meanMethBySample is <0.25",0,0.249945738422501,0,0.9821233,0.988356911511528,0.0297010222337322,"male",0.320964662930876
"GSM1218599",57.9464890242625," Warning: meanMethBySample is <0.25",0,0.243840549948334,0,0.9860387,0.960032649908563,0.0584408343280454,"male",0.308761794326267
"GSM1218600",66.9901739514453," Warning: meanMethBySample is <0.25",0,0.247037857914358,0,0.9875425,0.990048878706177,0.0325821089678469,"male",0.316146737686636
"GSM1218601",54.7124991048623," Warning: meanMethBySample is <0.25",0,0.245473913278641,0,0.9837752,0.987815714081606,0.0305500243577972,"male",0.320146688322581
"GSM1218602",57.912865291802," Warning: meanMethBySample is <0.25",0,0.249661860419974,0,0.9843251,0.991844174964094,0.0257029960528995,"Unsure",0.392184245069124
"GSM1218603",57.2547681063078," Warning: meanMethBySample is <0.25",0,0.244600328674513,0,0.9861501,0.991076017138179,0.0287310010104229,"female",0.419600474995392
"GSM1218604",45.1629580370219," Warning: meanMethBySample is <0.25",0,0.243836193428164,0,0.986949,0.990672978944113,0.0284137058670156,"female",0.448495217133641
"GSM1218605",72.7476695418305," Warning: meanMethBySample is <0.25",0,0.242672176936634,0,0.9847482,0.988579198528673,0.0302693346025058,"female",0.44194480564424
"GSM1218606",84.6916909444645," Warning: meanMethBySample is <0.25",0,0.237931216484884,0,0.9901789,0.969302129946984,0.0506901521209959,"female",0.440818327402765
"GSM1218607",74.0094750849372," Warning: meanMethBySample is <0.25",0,0.238545681839246,0,0.9862317,0.978727747049126,0.0451497501396156,"male",0.30546948499447
"GSM1218608",76.417613984207," Warning: meanMethBySample is <0.25",0,0.242016401825346,0,0.9872377,0.98103304010983,0.0428472208403203,"male",0.309017346154839
"GSM1218609",75.2076810628161," Warning: meanMethBySample is <0.25",0,0.243782379963778,0,0.9885514,0.987040918114526,0.0348177091417196,"male",0.312395336859908
"GSM1218610",75.0532473298715," Warning: meanMethBySample is <0.25",0,0.245321425767456,0,0.9874602,0.986242282830637,0.0338358027761999,"female",0.456987827668203
"GSM1218611",70.7669718649362," Warning: meanMethBySample is <0.25",0,0.242361782219019,0,0.9871258,0.988671063337383,0.0304362296251212,"male",0.313185663078341
"GSM1218612",60.7892444657979," Warning: meanMethBySample is <0.25",0,0.245421146060698,0,0.9899924,0.959963969124349,0.062208461700398,"male",0.310436052759447
"GSM1218613",56.3079840827643," Warning: meanMethBySample is <0.25",0,0.239514349269,0,0.9891848,0.99008875443046,0.0307716086723375,"male",0.307249747264516
"GSM1218614",71.6721759250067," Warning: meanMethBySample is <0.25",0,0.224353725697211,0,0.9903854,0.986650218367638,0.0428879542396383,"male",0.290854699899539
"GSM1218615",72.1349768806392," Warning: meanMethBySample is <0.25",0,0.232985923103005,0,0.9863093,0.987008822993517,0.0382489398170225,"male",0.298004850196313
"GSM1218616",69.149422668638," Warning: meanMethBySample is <0.25",0,0.231567847945807,0,0.9852971,0.986304821925276,0.0397321174865425,"male",0.377904372869124
"GSM1218617",72.5688157103996," Warning: meanMethBySample is <0.25",0,0.23137337218027,0,0.9872971,0.985993013689894,0.0401730234116085,"male",0.296764370734562
"GSM1218618",68.1766347301206," Warning: meanMethBySample is <0.25",0,0.229117975283321,0,0.9865556,0.98689916250893,0.0408766197672999,"male",0.295157373607373
"GSM1218619",67.0763261996326," Warning: meanMethBySample is <0.25",0,0.245190702445994,0,0.9876238,0.985716493371994,0.0360272522312614,"male",0.312888803571429
"GSM1218620",66.6986341543882," Warning: meanMethBySample is <0.25",0,0.231164730507909,0,0.9895749,0.975398165874325,0.0500603984429465,"male",0.294917877200922
"GSM1218621",60.0628124908483," Warning: meanMethBySample is <0.25",0,0.246696884590228,0,0.9916899,0.895533262502317,0.0987599508436022,"male",0.308726740009217
"GSM1218622",72.5456920262344," Warning: meanMethBySample is <0.25",0,0.244111951496584,0,0.9877541,0.988602005344751,0.0305701480185459,"male",0.313024934784332
"GSM1218623",78.717394890894," Warning: meanMethBySample is <0.25",0,0.237120374631552,0,0.9850949,0.9852335021311,0.0365634818261276,"male",0.304174755799078
"GSM1218624",73.3278689027466," Warning: meanMethBySample is <0.25",0,0.237770754611662,0,0.9907987,0.97968591565057,0.0422997126749695,"female",0.430836725235023
"GSM1218625",72.3404758815274,"",0,0.251046278650271,0,0.9876317,0.986485150044421,0.0314514218456933,"female",0.45433252678341
"GSM1218626",46.0182445950202," Warning: meanMethBySample is <0.25",0,0.243034979612317,0,0.9886372,0.979106855805616,0.0435458042553748,"male",0.30816488457235
"GSM1218627",70.4566750688226,"",0,0.253370384839339,0,0.98622,0.981904306349478,0.0389061403514078,"male",0.323565281585253
"GSM1218628",75.8749034872673,"",0,0.254306748750983,0,0.988358,0.988235650113811,0.0309123312006552,"male",0.327831286884793
"GSM1218629",68.6304878624033,"",0,0.256925881449738,0,0.9860982,0.989587768658168,0.0283937998536263,"male",0.330761375078341
"GSM1218630",74.0946521779199," Warning: meanMethBySample is <0.25",0,0.248030426099214,0,0.9875401,0.987060127690101,0.0312718401585257,"male",0.321002877806452
"GSM1218631",79.3224764242386," Warning: meanMethBySample is <0.25",0,0.248662208474869,0,0.9842815,0.98637932789275,0.0325459691223759,"male",0.321084629281106
"GSM1218632",56.2192530858457,"",0,0.254224616071883,0,0.9859006,0.988939354775482,0.0289012218899295,"male",0.323305618626728
"GSM1218633",40.5746871673756," Warning: meanMethBySample is <0.25",0,0.241906356469955,0,0.9886364,0.987406649015442,0.0320978389753564,"male",0.310621495694931
"GSM1218634",48.8709394079307,"",0,0.252898752047922,0,0.9855336,0.990915406324697,0.0263046592776477,"female",0.4532900499447
"GSM1218635",68.0509137939304,"",0,0.25372760992924,0,0.9891846,0.990166995888976,0.0257174800031773,"female",0.457360116580645
"GSM1218636",69.9325166022356,"",0,0.252559992559201,0,0.9842188,0.98313300485709,0.0419962194835604,"male",0.321101730921659
"GSM1218637",42.1967564122425,"",0,0.255144229483667,0,0.9852267,0.987234288615732,0.0356582312609244,"male",0.326211165705069
"GSM1218638",67.9434223768977,"",0,0.268030691594674,0,0.983775,0.991879410300044,0.0292616147062074,"female",0.479076114221198
"GSM1218639",69.1397636784141,"",0,0.264022263901301,0,0.987613,0.985157069294268,0.0380433281552551,"male",0.332980531751152
"GSM1218640",63.376026857043,"",0,0.262258042426058,0,0.9821339,0.987706442225844,0.0336326931397961,"male",0.334089707198157
"GSM1218641",56.0823447609619,"",0,0.264105823018252,0,0.9889693,0.989089742440239,0.0318069206352975,"male",0.336991089059908
"GSM1218642",52.2425151810921,"",0,0.253548932652939,0,0.984516,0.986699750860203,0.0353426086534793,"male",0.321014219576037
"GSM1218643",65.0266336661861,"",0,0.257712682249626,0,0.9865484,0.979435207317639,0.0445589477993676,"male",0.324580600490323
"GSM1218644",64.6625791872506," Warning: meanMethBySample is <0.25",0,0.242249181196509,0,0.9866468,0.987390524389346,0.0335495552465865,"female",0.439061891286636
"GSM1218645",61.4775766193091," Warning: meanMethBySample is <0.25",0,0.246208372693186,0,0.9830256,0.989726867379261,0.029638639801342,"male",0.317916044003687
"GSM1218646",69.1909297339404,"",0,0.254237007367091,0,0.9741974,0.990399675187722,0.029415917719128,"male",0.326417022875576
"GSM1218647",53.5823672278149,"",0,0.255156418379914,0,0.9803339,0.978859033362389,0.0462251185323497,"male",0.32073326159447
"GSM1218648",38.4806055688952,"",0,0.255687637815893,0,0.9798293,0.988700969237313,0.0357833875208452,"female",0.45093065359447
"GSM1218649",44.7938240521238,"",0,0.26049611488815,0,0.9739939,0.989527390742302,0.0361233207223298,"male",0.328849229069124
"GSM1218650",64.5284532228632,"",0,0.253637992200955,0,0.9782432,0.987613995828415,0.037043979933848,"female",0.453882366414747
"GSM1218651",53.7662291120714,"",0,0.252115613316454,0,0.9842093,0.991097567978935,0.0261390933133739,"male",0.325168236847926
"GSM1218652",68.523807955936," Warning: meanMethBySample is <0.25",0,0.244318505972342,0,0.9852663,0.984888181407865,0.03297694632235,"male",0.312545756592627
"GSM1218653",57.42175009546," Warning: meanMethBySample is <0.25",0,0.241922170914966,0,0.9879841,0.986642813843801,0.0349256015363033,"male",0.311330874368664
"GSM1218654",54.3761290218929," Warning: meanMethBySample is <0.25",0,0.245364295735867,0,0.9826936,0.987693732879845,0.0322949804105221,"female",0.452719999732719
"GSM1218655",52.6340965105479,"",0,0.259519032071322,0,0.958767,0.989893741183279,0.0442192558507232,"male",0.328594176258065
"GSM1218656",51.8089471396374,"",0,0.258038312444309,0,0.9728963,0.992668836759883,0.0304327095918955,"male",0.329017799815668
"GSM1218657",70.2806188941884,"",0,0.26167288161082,0,0.9667292,0.990422085946416,0.039343631532769,"male",0.332801634645161
"GSM1218658",60.4135182444354,"",0,0.25014498235483,0,0.9800938,0.990213077819971,0.0271633130361587,"male",0.323399105152074
"GSM1218659",47.2232823952666," Warning: meanMethBySample is <0.25",0,0.248489836736288,0,0.9816362,0.991534537668737,0.0278515135355977,"female",0.445198861640553
"GSM1218660",70.3400401311126,"",0,0.267744290335081,0,0.96209,0.989437736726469,0.0442123460984343,"female",0.459254426470046
"GSM1218661",65.8111405222083,"",0,0.269359525156776,0,0.9538733,0.979480528592776,0.0680494231291569,"female",0.441201587096774
"GSM1218662",53.2795390120776,"",0,0.270994459510483,0,0.9628443,0.972842812603876,0.071546240921746,"female",0.450402002930876
"GSM1218663",78.7945260310134,"",0,0.270001760870461,0,0.97402,0.966110556981805,0.073321818219428,"male",0.337114852147465
"GSM1218664",73.1231772568659," Warning: meanMethBySample is <0.25",0,0.24567673541155,0,0.9843223,0.989334248764066,0.0294049313194234,"male",0.317855858064516
"GSM1218665",67.8863577874301," Warning: meanMethBySample is <0.25",0,0.230684137186587,0,0.9880089,0.984635537397435,0.0387044072951534,"male",0.298036571445161
"GSM1218666",66.2113089043663," Warning: meanMethBySample is <0.25",0,0.247586419999064,0,0.9724271,0.989331987114959,0.0341816199011155,"male",0.317228642101382
"GSM1218667",49.0820870628574," Warning: meanMethBySample is <0.25",0,0.246956500926151,0,0.9781729,0.98951040675946,0.0300106981782217,"male",0.319446779299539
"GSM1218668",72.0958107772746,"",0,0.252443640694496,0,0.9698099,0.990334101267802,0.0317782876010134,"male",0.324030620552995
"GSM1218669",68.7150862457594,"",0,0.250488019200206,0,0.9675036,0.986152372335818,0.0424054573554903,"male",0.320331018
"GSM1218670",40.595163107087,"",0,0.257564780163796,0,0.9672146,0.983996640365336,0.0468803160886088,"female",0.431003126764977
"GSM1218671",79.7415475858024,"",0,0.262759076179802,0,0.9786072,0.914029083720842,0.0951615219794655,"male",0.327959064663594
"GSM1218672",49.5877154870485,"",0,0.25452374358948,0,0.9724217,0.986656903311678,0.0396023882956521,"female",0.438905031253456
"GSM1218673",50.7595310263748,"",0,0.254745542303444,0,0.9772848,0.968245979721362,0.0606088979215948,"female",0.432696615889401
"GSM1218674",63.3666537208568,"",0,0.253561814760857,0,0.9731051,0.988899380504958,0.0354701247889683,"male",0.324182542543779
"GSM1218675",60.6807819059609,"",0,0.260079742848652,0,0.9678426,0.982718469825205,0.0514186516327873,"female",0.435224288894009
"GSM1218676",72.9829098580304," Warning: meanMethBySample is <0.25",0,0.234560021641426,0,0.9806013,0.974776584368656,0.0418885930768786,"male",0.308914170147465
"GSM1218677",65.4497462966207," Warning: meanMethBySample is <0.25",0,0.245118564138338,0,0.98519,0.978979706669481,0.0392677580588705,"male",0.31863354156682
"GSM1218678",65.5570263615015," Warning: meanMethBySample is <0.25",0,0.246124796544085,0,0.9853386,0.985255038740421,0.0347663745476691,"female",0.454198609345622
"GSM1218679",64.9636141000153,"",0,0.252497630899476,0,0.9806894,0.989931838819714,0.0307489772866479,"male",0.3197693819447
"GSM1218680",50.8755308741157,"",0,0.266302076278547,0,0.9563773,0.958778280958434,0.085422518174283,"male",0.332827847198157
"GSM1218681",73.6264189566666,"",0,0.270436324059341,0,0.9616265,0.985175629613688,0.0617037981996425,"male",0.337179196202765
"GSM1218682",52.5847592824562,"",0,0.270603211189629,0,0.9754393,0.991126059727373,0.0290157958211184,"male",0.348648643529954
"GSM1218683",52.0256752509753,"",0,0.264867201700206,0,0.9659144,0.988968402999137,0.0476972664932949,"female",0.448717798147465
"GSM1218684",65.6943611813518,"",0,0.262068894593317,0,0.9634382,0.969889694999342,0.0701248223217313,"male",0.329213171225806
"GSM1218685",66.1701144633073,"",0,0.25003071175337,0,0.9835396,0.985331426783668,0.0346606594767438,"male",0.323326823493088
"GSM1218686",35.0784761202418,"",0,0.260993985863909,0,0.9784015,0.944995332536978,0.0826790140976488,"female",0.428078095041475
"GSM1218687",68.7669719398966," Warning: meanMethBySample is <0.25",0,0.242248580770872,0,0.9876137,0.988140287413264,0.030934344799137,"female",0.457076081990783
"GSM1218688",68.9663392083369," Warning: meanMethBySample is <0.25",0,0.238614323740079,0,0.988035,0.987205676190606,0.0348140467845567,"male",0.311806824776959
"GSM1218689",69.495918241903," Warning: meanMethBySample is <0.25",0,0.240703339580541,0,0.9825132,0.98662813131295,0.0371995311240114,"male",0.302874994893088
"GSM1218690",58.0144933884269," Warning: meanMethBySample is <0.25",0,0.237298235038843,0,0.9887297,0.851644590138275,0.123134615977122,"male",0.296168409964055
"GSM1218691",68.7556468951985,"",0,0.252168903716773,0,0.9837514,0.981508487929093,0.0323473474149128,"male",0.32230012924424
"GSM1218692",65.9353750010324," Warning: meanMethBySample is <0.25",0,0.248407407299092,0,0.9854391,0.983974314975296,0.0384415414186651,"female",0.433332912202765
"GSM1218693",56.2448532083263," Warning: meanMethBySample is <0.25",0,0.249578714358106,0,0.9851118,0.989977923408473,0.027792400738355,"male",0.317520332894009
"GSM1218694",68.6782040926753,"",0,0.252013126751685,0,0.982224,0.97074522452119,0.0525762802786129,"female",0.433259924580645
"GSM1218695",65.7747691131887," Warning: meanMethBySample is <0.25",0,0.247093811371303,0,0.9825314,0.989982380625345,0.0299952012411985,"female",0.445818008513364
"GSM1218696",67.5220308481795," Warning: meanMethBySample is <0.25",0,0.247584748138244,0,0.9820369,0.98987876848075,0.0276678905878636,"male",0.315357979198157
"GSM1218697",59.833049316214," Warning: meanMethBySample is <0.25",0,0.239174120437102,0,0.9875333,0.98464329655749,0.0344348283969956,"female",0.426082076050691
"GSM1218698",60.0496024552459," Warning: meanMethBySample is <0.25",0,0.244304232646808,0,0.985616,0.986557413190259,0.0309092748439262,"male",0.314397354917051
"GSM1218699",62.0471728808892,"",0,0.251932020907619,0,0.9833753,0.989802045003525,0.0288833060170879,"male",0.319259239695853
"GSM1218700",61.8985603332323,"",0,0.251771649497566,0,0.9824031,0.988512914559561,0.0289681141233645,"male",0.322004551382488
"GSM1218701",42.2963750092797,"",0,0.259735591489002,0,0.9852178,0.991263268742842,0.0277514549834093,"male",0.331486388258065
"GSM1218702",70.1756977263639,"",0,0.257741307431159,0,0.9838969,0.989774980903286,0.0278067697037835,"male",0.326396444789862
"GSM1218703",63.5258429545831,"",0,0.259006423293523,0,0.9811848,0.990255445558877,0.0285656180673327,"male",0.326052538949309
"GSM1218704",64.7330523773317,"",0,0.257987138786644,0,0.9817909,0.988730240596941,0.0320094656871334,"male",0.326630760497696
"GSM1218705",41.8436121342299," Warning: meanMethBySample is <0.25",0,0.248321412314957,0,0.9846864,0.985627838863224,0.0395412185778089,"male",0.313532603658986
"GSM1218706",70.1011515477622,"",0,0.257645608071556,0,0.9847328,0.98941700866287,0.0308276483379982,"male",0.323446856562212
"GSM1218707",34.9625200396214,"",0,0.261351797363909,0,0.9868204,0.991968654151373,0.025545864457828,"female",0.474614373576037
"GSM1218708",63.4616178437407," Warning: meanMethBySample is <0.25",0,0.245605847976507,0,0.9845109,0.988689886602984,0.0327224297615164,"female",0.424662446451613
"GSM1218709",60.9945085857348,"",0,0.252795792189068,0,0.9836164,0.988086684721095,0.0333246263534827,"male",0.318283476497696
"GSM1218710",44.4949936291882,"",0,0.253680843661784,0,0.9827252,0.9915838823979,0.0248875179257835,"female",0.446852553640553
"GSM1218711",66.9891965980373,"",0,0.253569180434809,0,0.9827681,0.988114468063858,0.0321452807828619,"male",0.318733561410138
"GSM1218712",52.5255879015199,"",0,0.256865949098793,0,0.9818897,0.989746006120989,0.0280770391738331,"female",0.454877758129032
"GSM1218713",64.5688952191171,"",0,0.251868948323381,0,0.9860806,0.990981235676018,0.0253493970336604,"female",0.454690066534562
"GSM1218714",40.9583560534547," Warning: meanMethBySample is <0.25",0,0.245987883480298,0,0.9864703,0.986352204247368,0.0361303311492166,"female",0.432435862538249
"GSM1218715",37.7362451917286," Warning: meanMethBySample is <0.25",0,0.244726791449036,0,0.9816537,0.989667884087408,0.0292546791932647,"male",0.311606280611982
"GSM1218716",66.9527217253197,"",0,0.258704866615079,0,0.9848491,0.990657656256948,0.02604883927803,"male",0.327076428589862
"GSM1218717",51.0698160604667,"",0,0.251020693792961,0,0.9862863,0.990833287184337,0.0255240712704478,"female",0.461557727952995
"GSM1218718",46.0430067227607,"",0,0.251831543790668,0,0.9869602,0.989753804082401,0.026138027775257,"female",0.468169203096774
"GSM1218719",40.1496463488683,"",0,0.261589065900412,0,0.9823188,0.987368002125488,0.0346780617805822,"male",0.329802658470046
"GSM1218720",72.7234406064711,"",0,0.264656981906589,0,0.9775461,0.985230709833096,0.0363475964282695,"female",0.482572725576037
"GSM1218721",59.1603031299701,"",0,0.253052090255054,0,0.9820713,0.986223388328426,0.0378295071859875,"male",0.32280629356682
"GSM1218722",50.0393300608022,"",0,0.253036054125562,0,0.9835635,0.981396184656041,0.0477946810909462,"female",0.424201608160369
"GSM1218723",69.7853115818872,"",0,0.260165577159772,0,0.9851176,0.987305290683305,0.0311452141519386,"male",0.330572134276498
"GSM1218724",62.1472943023521,"",0,0.252928121199457,0,0.9826168,0.98559100141345,0.0324345039297863,"female",0.460809239170507
"GSM1218725",62.1966721560153,"",0,0.255593273624204,0,0.985292,0.987441697277027,0.0311345248917394,"male",0.327605875677419
"GSM1218726",75.2049093201066,"",0,0.258444231942578,0,0.9824811,0.98331091894285,0.0368152975867692,"male",0.328164799273733
"GSM1218727",50.0273364327177,"",0,0.25212100768158,0,0.9848379,0.987682874682586,0.0329846851637089,"male",0.320869703576037
"GSM1218728",66.4928884180319,"",0,0.258957661258424,0,0.9811063,0.988826682934348,0.0309890011867217,"male",0.329502973612903
"GSM1218729",75.7612931994304," Warning: meanMethBySample is <0.25",0,0.245918393528594,0,0.9868626,0.973983798536268,0.0495162004995181,"male",0.312777050756682
"GSM1218730",80.8564536800154," Warning: meanMethBySample is <0.25",0,0.243754103395732,0,0.9878065,0.987055656723594,0.0340700853864051,"male",0.313939707579724
"GSM1218731",51.9074655855987,"",0,0.26237402753538,0,0.9872508,0.984706494554538,0.0364326915301855,"female",0.516016880046083
"GSM1218732",69.0255659134609," Warning: meanMethBySample is <0.25",0,0.241616967777471,0,0.9877942,0.987073449249038,0.0323621983149216,"male",0.308400413879263
"GSM1218733",38.8361378978433," Warning: meanMethBySample is <0.25",0,0.247246937674279,0,0.9877234,0.988768400895861,0.0296791521387481,"male",0.31306186355023
"GSM1218734",68.0566098565984," Warning: meanMethBySample is <0.25",0,0.243171007990968,0,0.9853666,0.979698362293076,0.0447932462264726,"female",0.428005896447926
"GSM1218735",31.346365110557,"",0,0.252640954081805,0,0.9840534,0.989123077049384,0.0302119624186857,"male",0.318464682329954
"GSM1218736",75.4612979861323,"",0,0.256793752272089,0,0.9772713,0.987180248002299,0.0314635147642434,"male",0.32734419159447
"GSM1218737",56.9248879777635," Warning: meanMethBySample is <0.25",0,0.249213802470049,0,0.9799389,0.985369422290243,0.039359383034372,"female",0.448435859834101
"GSM1218738",64.4759703153208," Warning: meanMethBySample is <0.25",0,0.246179824681767,0,0.9865571,0.980498299826877,0.0416129078475919,"male",0.313074433299539
"GSM1218739",31.2936680239852,"",0,0.2540474364503,0,0.9836442,0.989390153090537,0.0280622478961963,"female",0.454977598396313
"GSM1218740",49.182724665957," Warning: meanMethBySample is <0.25",0,0.242652809003416,0,0.9865474,0.983725335178257,0.0371771299166452,"male",0.311965210975115
"GSM1218741",65.9979662776779," Warning: meanMethBySample is <0.25",0,0.240932441430644,0,0.9906089,0.987984742944599,0.0329830005395711,"male",0.311499896861751
"GSM1218742",58.0804791972717,"",0,0.258116115331056,0,0.987709,0.987563315591597,0.0336791482969535,"male",0.331528949725346
"GSM1218743",66.1011761633785," Warning: meanMethBySample is <0.25",0,0.236600398134781,0,0.9864855,0.98491482313389,0.0366100786450735,"female",0.435472487290323
"GSM1218744",43.4303942525545," Warning: meanMethBySample is <0.25",0,0.245836167383517,0,0.9901972,0.989944407049165,0.0284858842380538,"male",0.313705533708756
"GSM1218745",65.8495518414072,"",0,0.250741279840182,0,0.9875116,0.988976168794859,0.0309499953289416,"male",0.319083223515207
"GSM1218746",66.689370254554,"",0,0.257054571216913,0,0.9862028,0.985405387473016,0.0328837632662038,"male",0.331771739271889
"GSM1218747",64.448647638189,"",0,0.261053015908087,0,0.9833993,0.987445836600526,0.0328678909913153,"male",0.333272861686636
"GSM1218748",56.6188386054127,"",0,0.257058262149055,0,0.9856519,0.989674347634677,0.0275647276246347,"male",0.328289561741935
"GSM1218749",61.6987401235804,"",0,0.252398256225899,0,0.981016,0.989264119897626,0.0310214095775445,"male",0.341063111658986
"GSM1218750",63.0550410175556," Warning: meanMethBySample is <0.25",0,0.244676111838076,0,0.98019,0.987126963109807,0.0336540681598319,"female",0.446954922820276
"GSM1218751",78.7075364318147," Warning: meanMethBySample is <0.25",0,0.231707774577359,0,0.9907676,0.974257370597757,0.0463398449316862,"male",0.30440945760553
"GSM1218752",67.0138066467679," MAJOR WARNING: noMissingPerSample>100 Warning: meanMethBySample is <0.25",113,0.244239924155305,0.005722225,0.9897443,0.985896991707994,0.0330215012654917,"male",0.319111464295644
"GSM1218753",55.5746081391983,"",0,0.251572303582226,0,0.9854764,0.987961897603471,0.0318716787276153,"male",0.325329365308756
"GSM1218754",75.7228634022329,"",0,0.2535132304174,0,0.986753,0.985791937373038,0.0360811988915608,"male",0.326743916009217
"GSM1218755",64.4381175960894," Warning: meanMethBySample is <0.25",0,0.245515300606514,0,0.9874383,0.988607538430429,0.0318322473490657,"male",0.316150898862673
"GSM1218756",62.6101912339421," Warning: meanMethBySample is <0.25",0,0.23523224149518,0,0.9849116,0.984650003769137,0.0416468255999928,"male",0.297049421491244
"GSM1218757",70.290071991571,"",0,0.25642897804006,0,0.9876102,0.984678558262687,0.0368870262320277,"male",0.33303520637788
"GSM1218758",57.4394150965852,"",0,0.258089454918149,0,0.9845604,0.983584189423422,0.0375450132474272,"male",0.327729364199078
"GSM1218759",69.8785523399356," Warning: meanMethBySample is <0.25",0,0.247087077040621,0,0.9844019,0.987952316932662,0.0303969006469771,"male",0.316974420588018
"GSM1218760",74.7634907153464," Warning: meanMethBySample is <0.25",0,0.244375688116623,0,0.9875709,0.986902509747354,0.0335525524413824,"male",0.310672171690323
"GSM1218761",76.2584099057588," Warning: meanMethBySample is <0.25",0,0.239759570443701,0,0.9849567,0.984395958194042,0.0378468117829259,"male",0.307840550423963
"GSM1218762",56.4140027112818," Warning: meanMethBySample is <0.25",0,0.241369198127246,0,0.986444,0.987082298674262,0.0322092529814078,"male",0.309834380081106
"GSM1218763",45.5392671068945,"",0,0.264254723650739,0,0.9832914,0.984620770724174,0.0343295956804142,"female",0.497221852894009
"GSM1218764",55.6876454519291,"",0,0.257886383027237,0,0.9843881,0.987065736427349,0.0332177955246182,"male",0.330469029013825
"GSM1218765",69.3924865583106," Warning: meanMethBySample is <0.25",0,0.245750313444262,0,0.9862838,0.986778977237726,0.0332444728888929,"male",0.313650227493088
"GSM1218766",51.7701154356311,"",0,0.258371759756833,0,0.9807706,0.991278803538005,0.0270848549715452,"male",0.33028164516129
"GSM1218767",62.312909584326,"",0,0.253430856398821,0,0.9871906,0.985158778150413,0.0317518678319607,"female",0.470794769953917
"GSM1218768",59.614274370234," Warning: meanMethBySample is <0.25",0,0.243104569589199,0,0.9810376,0.987656362303736,0.0367610809901905,"male",0.31156465956682
"GSM1218769",67.0074705562176,"",0,0.255000111929053,0,0.9767928,0.986790996494719,0.034559435598454,"male",0.326745444479263
"GSM1218770",60.0056962615381,"",0,0.257494183755616,0,0.9818807,0.989892855684078,0.0298737475246879,"male",0.328771240525346
"GSM1218771",61.8490739029648,"",0,0.254756886668851,0,0.9803955,0.987719246571805,0.0339701495658786,"male",0.322414686912442
"GSM1218772",65.3570452359913,"",0,0.255996673418897,0,0.9821438,0.989946549974101,0.0297909250745338,"male",0.326408309133641
"GSM1218773",64.2574157070322,"",0,0.262432673003697,0,0.9829249,0.9808620768191,0.037566078175099,"male",0.330503622552995
"GSM1218774",77.2697666752169,"",0,0.255928902744431,0,0.9810455,0.987596930709527,0.0311428260636655,"male",0.325675184857143
"GSM1218775",68.2279765757849," Warning: meanMethBySample is <0.25",0,0.247836342130101,0,0.9811921,0.987830798928339,0.0308484417937539,"female",0.436118305539171
"GSM1218776",66.9623769442681,"",0,0.25018477917442,0,0.9824147,0.987194449475988,0.0303594243163175,"female",0.445977805494931
"GSM1218777",67.1177052308663,"",0,0.257753054284397,0,0.9853245,0.989227274928611,0.0285594791064444,"male",0.327506059889401
"GSM1218778",84.9586757102285," Warning: meanMethBySample is <0.25",0,0.242975186272229,0,0.9848472,0.97348862887989,0.0399016891434471,"male",0.319638750018433
"GSM1218779",72.9460407017369,"",0,0.26411109096111,0,0.9836082,0.985678506026153,0.0342220186716611,"male",0.334566077658986
"GSM1218780",69.6843247630416,"",0,0.256630214189629,0,0.9843066,0.982475755666133,0.0331856912113256,"male",0.323772958211982
"GSM1218781",60.6352000316606," Warning: meanMethBySample is <0.25",0,0.244976189539498,0,0.987772,0.990173119907094,0.0283504722277816,"male",0.313772424900461
"GSM1218782",68.0595153434868," Warning: meanMethBySample is <0.25",0,0.248850156889976,0,0.9834797,0.986381119510156,0.0372671794557,"male",0.315440807152074
"GSM1218783",51.944562219889,"",0,0.254282684877995,0,0.9803414,0.990104552084614,0.0291204686557573,"male",0.323360563410138
"GSM1218784",65.9984013662738," WARNING: Some beta values were missing, see noMissingPerSample. Warning: meanMethBySample is <0.25",27,0.246864748679115,0.006057798,0.9877736,0.986955038876185,0.0319677423002061,"male",0.313946066561404
"GSM1218785",67.8321383842519,"",0,0.257173050245694,0,0.9849765,0.987848447671033,0.0288546779305466,"male",0.32922274681106
"GSM1218786",69.5639798754572,"",0,0.252758601693654,0,0.9820147,0.987293191532074,0.0324518314747565,"male",0.323390518682028
"GSM1218787",64.5292980795634," Warning: meanMethBySample is <0.25",0,0.247842652724401,0,0.9822516,0.964907213962878,0.0470079308330509,"male",0.315815827419355
"GSM1218788",62.3579616310639,"",0,0.254948242589246,0,0.9810929,0.988538621771127,0.0348277480362618,"male",0.322515859299539
"GSM1218789",61.7789305405771,"",0,0.252700645808031,0,0.9847097,0.986112939430541,0.0323168775668422,"male",0.327326980050691
"GSM1218790",66.3006252047337,"",0,0.253209811921471,0,0.9837841,0.983541863740837,0.041211506899247,"female",0.438717987124424
"GSM1218791",72.9015629600519,"",0,0.252848975714854,0,0.9831864,0.987189129134765,0.0336238858530187,"male",0.324510832995392
"GSM1218792",84.7674732405631," Warning: meanMethBySample is <0.25",0,0.246396744528641,0,0.9834367,0.980012566687309,0.0385335919037606,"male",0.317473690009217
"GSM1218793",53.0495643957734,"",0,0.254228791813459,0,0.9847987,0.967451910722525,0.0637343542758272,"male",0.322555786368664
"GSM1218794",70.5888591861514,"",0,0.264511521073568,0,0.9832296,0.98226739562869,0.0405258839553208,"male",0.332883133870968
"GSM1218795",70.4938640992805,"",0,0.256613402631973,0,0.9797544,0.985656971799317,0.0397260375123027,"male",0.324255960046083
"GSM1218796",55.0589075723186,"",0,0.266417807723231,0,0.9752077,0.988994759659489,0.0369229864873566,"male",0.335962996488479
"GSM1218797",67.5196614559288,"",0,0.270124365808218,0,0.9701701,0.9891801477026,0.0376985245206262,"male",0.340462609345622
"GSM1218798",55.7133369040712,"",0,0.264622266046425,0,0.973189,0.988873317683916,0.0376436899127517,"male",0.333820256746544
"GSM1218799",34.2147770650457,"",0,0.250497883653828,0,0.9825674,0.989483700069723,0.0298950044797895,"male",0.319970557695853
"GSM1218800",65.9521758423579,"",0,0.254686987212701,0,0.9845144,0.988629115481271,0.0291333389212561,"female",0.469001009576037
